{
    "accuracy": 0.884176434299815,
    "classification_report": {
        "0": {
            "precision": 0.935334407735697,
            "recall": 0.915237532032328,
            "f1-score": 0.9251768456710172,
            "support": 5073.0
        },
        "1": {
            "precision": 0.7171052631578947,
            "recall": 0.7725017717930546,
            "f1-score": 0.7437734561583077,
            "support": 1411.0
        },
        "accuracy": 0.884176434299815,
        "macro avg": {
            "precision": 0.8262198354467958,
            "recall": 0.8438696519126914,
            "f1-score": 0.8344751509146624,
            "support": 6484.0
        },
        "weighted avg": {
            "precision": 0.8878449995001512,
            "recall": 0.884176434299815,
            "f1-score": 0.8857011851832884,
            "support": 6484.0
        }
    },
    "confusion_matrix": [
        [
            4643,
            430
        ],
        [
            321,
            1090
        ]
    ]
}