{
    "accuracy": 0.884793337446021,
    "classification_report": {
        "0": {
            "precision": 0.9357373086220789,
            "recall": 0.915631776069387,
            "f1-score": 0.9255753711268307,
            "support": 5073.0
        },
        "1": {
            "precision": 0.718421052631579,
            "recall": 0.7739192062367115,
            "f1-score": 0.7451381780962129,
            "support": 1411.0
        },
        "accuracy": 0.884793337446021,
        "macro avg": {
            "precision": 0.827079180626829,
            "recall": 0.8447754911530492,
            "f1-score": 0.8353567746115218,
            "support": 6484.0
        },
        "weighted avg": {
            "precision": 0.8884465564316724,
            "recall": 0.884793337446021,
            "f1-score": 0.8863099671530181,
            "support": 6484.0
        }
    },
    "confusion_matrix": [
        [
            4645,
            428
        ],
        [
            319,
            1092
        ]
    ]
}