{
    "accuracy": 0.8729179518815546,
    "classification_report": {
        "0": {
            "precision": 0.9296258847320525,
            "recall": 0.9061699191799724,
            "f1-score": 0.9177480535036934,
            "support": 5073.0
        },
        "1": {
            "precision": 0.6907082521117609,
            "recall": 0.7533664068036854,
            "f1-score": 0.7206779661016949,
            "support": 1411.0
        },
        "accuracy": 0.8729179518815546,
        "macro avg": {
            "precision": 0.8101670684219067,
            "recall": 0.8297681629918289,
            "f1-score": 0.8192130098026942,
            "support": 6484.0
        },
        "weighted avg": {
            "precision": 0.8776344011374765,
            "recall": 0.8729179518815546,
            "f1-score": 0.874863122392617,
            "support": 6484.0
        }
    },
    "confusion_matrix": [
        [
            4597,
            476
        ],
        [
            348,
            1063
        ]
    ]
}